{"cameraMode":{"drawMode":0,"name":"Shaded","section":"Shading Mode"},"sceneLighting":true,"audioPlay":false,"sceneViewState":{"m_AlwaysRefresh":false,"showFog":true,"showSkybox":true,"showFlares":true,"showImageEffects":true,"showParticleSystems":true,"showVisualEffectGraphs":true,"m_FxEnabled":true},"in2DMode":false,"pivot":{"x":-0.8004328012466431,"y":2.7080836296081545,"z":-4.4408416748046879},"rotation":{"x":0.1178925558924675,"y":0.0744020938873291,"z":-0.008853781968355179,"w":0.9902121424674988},"size":3.3048057556152345,"orthographic":false}